timesteps,episode_reward,episode_length,is_success
50,-48.0,50,0.0
100,-50.0,50,0.0
150,-50.0,50,0.0
200,-50.0,50,0.0
250,-46.0,50,0.0
300,-50.0,50,0.0
350,-50.0,50,0.0
400,-50.0,50,0.0
450,-50.0,50,0.0
500,-50.0,50,0.0
550,-50.0,50,0.0
600,-45.0,50,1.0
650,-50.0,50,0.0
700,-50.0,50,0.0
750,-50.0,50,0.0
800,-50.0,50,0.0
850,-50.0,50,0.0
900,-50.0,50,0.0
950,-50.0,50,0.0
1000,-50.0,50,0.0
1050,-50.0,50,0.0
1100,-50.0,50,0.0
1150,-50.0,50,0.0
1200,-50.0,50,0.0
1250,-50.0,50,0.0
1300,-50.0,50,0.0
1350,-50.0,50,0.0
1400,-50.0,50,0.0
1450,-50.0,50,0.0
1500,-50.0,50,0.0
1550,-50.0,50,0.0
1600,-50.0,50,0.0
1650,-50.0,50,0.0
1700,-50.0,50,0.0
1750,-50.0,50,0.0
1800,-50.0,50,0.0
1850,-50.0,50,0.0
1900,-50.0,50,0.0
1950,-47.0,50,0.0
2000,-50.0,50,0.0
2050,-50.0,50,0.0
2100,-50.0,50,0.0
2150,-50.0,50,0.0
2200,-50.0,50,0.0
2250,-50.0,50,0.0
2300,-50.0,50,0.0
2350,-50.0,50,0.0
2400,-50.0,50,0.0
2450,-50.0,50,0.0
2500,-50.0,50,0.0
2550,-50.0,50,0.0
2600,-50.0,50,0.0
2650,-50.0,50,0.0
2700,-50.0,50,0.0
2750,-50.0,50,0.0
2800,-50.0,50,0.0
2850,-50.0,50,0.0
2900,-50.0,50,0.0
2950,-43.0,50,0.0
3000,-50.0,50,0.0
3050,-50.0,50,0.0
3100,-50.0,50,0.0
3150,-50.0,50,0.0
3200,-50.0,50,0.0
3250,-50.0,50,0.0
3300,-50.0,50,0.0
3350,-37.0,50,0.0
3400,-50.0,50,0.0
3450,-49.0,50,0.0
3500,-50.0,50,0.0
3550,-47.0,50,0.0
3600,-50.0,50,0.0
3650,-50.0,50,0.0
3700,-47.0,50,0.0
3750,-50.0,50,0.0
3800,-50.0,50,0.0
3850,-50.0,50,0.0
3900,-50.0,50,0.0
3950,-50.0,50,0.0
4000,-45.0,50,0.0
4050,-47.0,50,0.0
4100,-50.0,50,0.0
4150,-50.0,50,0.0
4200,-50.0,50,0.0
4250,-50.0,50,0.0
4300,-50.0,50,0.0
4350,-50.0,50,0.0
4400,-50.0,50,0.0
4450,-50.0,50,0.0
4500,-50.0,50,0.0
4550,-50.0,50,0.0
4600,-50.0,50,0.0
4650,-50.0,50,0.0
4700,-50.0,50,0.0
4750,-50.0,50,0.0
4800,-50.0,50,0.0
4850,-48.0,50,0.0
4900,-50.0,50,0.0
4950,-50.0,50,0.0
5000,-50.0,50,0.0
5050,-50.0,50,0.0
5100,-50.0,50,0.0
5150,-50.0,50,0.0
5200,-50.0,50,0.0
5250,-50.0,50,0.0
5300,-50.0,50,0.0
5350,-50.0,50,0.0
5400,-50.0,50,0.0
5450,-49.0,50,0.0
5500,-50.0,50,0.0
5550,-50.0,50,0.0
5600,-50.0,50,0.0
5650,-50.0,50,0.0
5700,-46.0,50,0.0
5750,-50.0,50,0.0
5800,-39.0,50,0.0
5850,-46.0,50,0.0
5900,-48.0,50,0.0
5950,-50.0,50,0.0
6000,-46.0,50,0.0
6050,-50.0,50,0.0
6100,-49.0,50,0.0
6150,-47.0,50,0.0
6200,-21.0,50,1.0
6250,-50.0,50,0.0
6300,-50.0,50,0.0
6350,-49.0,50,0.0
6400,-45.0,50,0.0
6450,-50.0,50,0.0
6500,-43.0,50,0.0
6550,-49.0,50,0.0
6600,-49.0,50,0.0
6650,-27.0,50,0.0
6700,-46.0,50,0.0
6750,-39.0,50,0.0
6800,-33.0,50,0.0
6850,-37.0,50,0.0
6900,-35.0,50,0.0
6950,-30.0,50,0.0
7000,-50.0,50,0.0
7050,-33.0,50,0.0
7100,-34.0,50,0.0
7150,-40.0,50,0.0
7200,-29.0,50,1.0
7250,-29.0,50,0.0
7300,-35.0,50,0.0
7350,-35.0,50,1.0
7400,-3.0,50,1.0
7450,-8.0,50,0.0
7500,-38.0,50,0.0
7550,-40.0,50,0.0
7600,-17.0,50,1.0
7650,-17.0,50,1.0
7700,-22.0,50,0.0
7750,-27.0,50,0.0
7800,-25.0,50,0.0
7850,-10.0,50,1.0
7900,-24.0,50,1.0
7950,-27.0,50,0.0
8000,-38.0,50,0.0
8050,-19.0,50,1.0
8100,-25.0,50,1.0
8150,-26.0,50,0.0
8200,-38.0,50,1.0
8250,-26.0,50,0.0
8300,-9.0,50,1.0
8350,-8.0,50,0.0
8400,-17.0,50,1.0
8450,-15.0,50,1.0
8500,-2.0,50,1.0
8550,-22.0,50,0.0
8600,-30.0,50,1.0
8650,-6.0,50,1.0
8700,-15.0,50,1.0
8750,-7.0,50,1.0
8800,-16.0,50,1.0
8850,-9.0,50,0.0
8900,-27.0,50,0.0
8950,-19.0,50,1.0
9000,-13.0,50,1.0
9050,-27.0,50,1.0
9100,-6.0,50,1.0
9150,-2.0,50,1.0
9200,-24.0,50,0.0
9250,-5.0,50,1.0
9300,-1.0,50,1.0
9350,-2.0,50,1.0
9400,-28.0,50,0.0
9450,-12.0,50,1.0
9500,-12.0,50,1.0
9550,-11.0,50,1.0
9600,-11.0,50,1.0
9650,-4.0,50,1.0
9700,-13.0,50,1.0
9750,-15.0,50,1.0
9800,-18.0,50,1.0
9850,-13.0,50,1.0
9900,-5.0,50,1.0
9950,-15.0,50,1.0
10000,-12.0,50,1.0
10050,-11.0,50,0.0
10100,-11.0,50,1.0
10150,-6.0,50,1.0
10200,-8.0,50,1.0
10250,-10.0,50,1.0
10300,-11.0,50,1.0
10350,-9.0,50,1.0
10400,-8.0,50,1.0
10450,-4.0,50,1.0
10500,-3.0,50,1.0
10550,-14.0,50,1.0
10600,-21.0,50,1.0
10650,-12.0,50,1.0
10700,-2.0,50,1.0
10750,-2.0,50,1.0
10800,-2.0,50,1.0
10850,0.0,50,1.0
10900,-13.0,50,1.0
10950,-21.0,50,0.0
11000,-15.0,50,1.0
11050,-18.0,50,1.0
11100,-10.0,50,1.0
11150,-10.0,50,0.0
11200,-16.0,50,1.0
11250,-6.0,50,1.0
11300,-2.0,50,1.0
11350,-2.0,50,1.0
11400,0.0,50,1.0
11450,-5.0,50,1.0
11500,-6.0,50,1.0
11550,-8.0,50,1.0
11600,-8.0,50,1.0
11650,-7.0,50,1.0
11700,-12.0,50,0.0
11750,-4.0,50,1.0
11800,-3.0,50,1.0
11850,-4.0,50,0.0
11900,-9.0,50,1.0
11950,-3.0,50,1.0
12000,-2.0,50,1.0
12050,-5.0,50,1.0
12100,-4.0,50,1.0
12150,-2.0,50,1.0
12200,-2.0,50,1.0
12250,-3.0,50,1.0
12300,-2.0,50,1.0
12350,-3.0,50,1.0
12400,-3.0,50,1.0
12450,-4.0,50,1.0
12500,-3.0,50,1.0
12550,-2.0,50,1.0
12600,-2.0,50,1.0
12650,0.0,50,1.0
12700,-2.0,50,1.0
12750,-2.0,50,1.0
12800,-1.0,50,1.0
12850,-3.0,50,1.0
12900,-4.0,50,1.0
12950,-1.0,50,1.0
13000,-5.0,50,1.0
13050,0.0,50,1.0
13100,-2.0,50,1.0
13150,-1.0,50,1.0
13200,-4.0,50,1.0
13250,-7.0,50,1.0
13300,-3.0,50,1.0
13350,-4.0,50,1.0
13400,-4.0,50,1.0
13450,-2.0,50,1.0
13500,-2.0,50,1.0
13550,-3.0,50,1.0
13600,-2.0,50,1.0
13650,-7.0,50,1.0
13700,-2.0,50,1.0
13750,0.0,50,1.0
13800,-1.0,50,1.0
13850,-1.0,50,1.0
13900,-1.0,50,1.0
13950,-5.0,50,1.0
14000,-9.0,50,1.0
14050,-3.0,50,1.0
14100,-3.0,50,1.0
14150,-2.0,50,1.0
14200,-3.0,50,1.0
14250,-1.0,50,1.0
14300,-6.0,50,1.0
14350,-2.0,50,1.0
14400,-1.0,50,1.0
14450,-2.0,50,1.0
14500,-3.0,50,1.0
14550,-1.0,50,1.0
14600,-2.0,50,1.0
14650,-2.0,50,1.0
14700,-3.0,50,1.0
14750,-3.0,50,1.0
14800,-3.0,50,1.0
14850,-2.0,50,1.0
14900,-3.0,50,1.0
14950,-2.0,50,1.0
15000,-1.0,50,1.0
15050,-1.0,50,1.0
15100,-3.0,50,1.0
15150,-2.0,50,1.0
15200,0.0,50,1.0
15250,-2.0,50,1.0
15300,-1.0,50,1.0
15350,-3.0,50,1.0
15400,-2.0,50,1.0
15450,0.0,50,1.0
15500,-1.0,50,1.0
15550,-3.0,50,1.0
15600,-2.0,50,1.0
15650,-1.0,50,1.0
15700,-3.0,50,1.0
15750,-2.0,50,1.0
15800,-3.0,50,1.0
15850,-2.0,50,1.0
15900,0.0,50,1.0
15950,-2.0,50,1.0
16000,-2.0,50,1.0
16050,-1.0,50,1.0
16100,-2.0,50,1.0
16150,-2.0,50,1.0
16200,-3.0,50,1.0
16250,0.0,50,1.0
16300,-2.0,50,1.0
16350,-5.0,50,1.0
16400,-1.0,50,1.0
16450,-1.0,50,1.0
16500,-3.0,50,1.0
16550,-3.0,50,1.0
16600,-2.0,50,1.0
16650,-2.0,50,1.0
16700,-2.0,50,1.0
16750,-2.0,50,1.0
16800,-2.0,50,1.0
16850,-2.0,50,1.0
16900,0.0,50,1.0
16950,-2.0,50,1.0
17000,-1.0,50,1.0
17050,0.0,50,1.0
17100,-2.0,50,1.0
17150,0.0,50,1.0
17200,-2.0,50,1.0
17250,-1.0,50,1.0
17300,-2.0,50,1.0
17350,-2.0,50,1.0
17400,-3.0,50,1.0
17450,-2.0,50,1.0
17500,-3.0,50,1.0
17550,-1.0,50,1.0
17600,-3.0,50,1.0
17650,-3.0,50,1.0
17700,-3.0,50,1.0
17750,-2.0,50,1.0
17800,-3.0,50,1.0
17850,-1.0,50,1.0
17900,-1.0,50,1.0
17950,-3.0,50,1.0
18000,0.0,50,1.0
18050,-2.0,50,1.0
18100,-2.0,50,1.0
18150,-1.0,50,1.0
18200,0.0,50,1.0
18250,-1.0,50,1.0
18300,-2.0,50,1.0
18350,-1.0,50,1.0
18400,-2.0,50,1.0
18450,-3.0,50,1.0
18500,-2.0,50,1.0
18550,-3.0,50,1.0
18600,-7.0,50,1.0
18650,-7.0,50,1.0
18700,-15.0,50,1.0
18750,-2.0,50,1.0
18800,-4.0,50,1.0
18850,-3.0,50,1.0
18900,-2.0,50,1.0
18950,-2.0,50,1.0
19000,0.0,50,1.0
19050,-1.0,50,1.0
19100,-3.0,50,1.0
19150,0.0,50,1.0
19200,-2.0,50,1.0
19250,-3.0,50,1.0
19300,-3.0,50,1.0
19350,-2.0,50,1.0
19400,-2.0,50,1.0
19450,-1.0,50,1.0
19500,-1.0,50,1.0
19550,-3.0,50,1.0
19600,-1.0,50,1.0
19650,0.0,50,1.0
19700,-2.0,50,1.0
19750,0.0,50,1.0
19800,-2.0,50,1.0
19850,-2.0,50,1.0
19900,-3.0,50,1.0
19950,-1.0,50,1.0
20000,-3.0,50,1.0
20050,-2.0,50,1.0
20100,-3.0,50,1.0
20150,-3.0,50,1.0
20200,-2.0,50,1.0
20250,-2.0,50,1.0
20300,-3.0,50,1.0
20350,-2.0,50,1.0
20400,-1.0,50,1.0
20450,-2.0,50,1.0
20500,-1.0,50,1.0
20550,-2.0,50,1.0
20600,-1.0,50,1.0
20650,-2.0,50,1.0
20700,-3.0,50,1.0
20750,0.0,50,1.0
20800,-2.0,50,1.0
20850,0.0,50,1.0
20900,-2.0,50,1.0
20950,-2.0,50,1.0
21000,-2.0,50,1.0
21050,-3.0,50,1.0
21100,-2.0,50,1.0
21150,-2.0,50,1.0
21200,-1.0,50,1.0
21250,0.0,50,1.0
21300,-2.0,50,1.0
21350,-1.0,50,1.0
21400,-1.0,50,1.0
21450,-2.0,50,1.0
21500,-3.0,50,1.0
21550,-1.0,50,1.0
21600,-2.0,50,1.0
21650,-2.0,50,1.0
21700,-1.0,50,1.0
21750,0.0,50,1.0
21800,0.0,50,1.0
21850,0.0,50,1.0
21900,-1.0,50,1.0
21950,0.0,50,1.0
22000,-1.0,50,1.0
22050,-2.0,50,1.0
22100,-3.0,50,1.0
22150,-1.0,50,1.0
22200,-1.0,50,1.0
22250,-1.0,50,1.0
22300,-2.0,50,1.0
22350,-2.0,50,1.0
22400,-3.0,50,1.0
22450,-2.0,50,1.0
22500,-2.0,50,1.0
22550,-3.0,50,1.0
22600,-3.0,50,1.0
22650,-1.0,50,1.0
22700,-1.0,50,1.0
22750,-2.0,50,1.0
22800,-3.0,50,1.0
22850,-1.0,50,1.0
22900,-2.0,50,1.0
22950,-2.0,50,1.0
23000,-1.0,50,1.0
23050,-2.0,50,1.0
23100,-2.0,50,1.0
23150,-2.0,50,1.0
23200,0.0,50,1.0
23250,-2.0,50,1.0
23300,-2.0,50,1.0
23350,-2.0,50,1.0
23400,-2.0,50,1.0
23450,-3.0,50,1.0
23500,-2.0,50,1.0
23550,-1.0,50,1.0
23600,-2.0,50,1.0
23650,-2.0,50,1.0
23700,-2.0,50,1.0
23750,-2.0,50,1.0
23800,-3.0,50,1.0
23850,-1.0,50,1.0
23900,-3.0,50,1.0
23950,0.0,50,1.0
24000,0.0,50,1.0
24050,0.0,50,1.0
24100,-1.0,50,1.0
24150,-1.0,50,1.0
24200,-2.0,50,1.0
24250,-4.0,50,1.0
24300,0.0,50,1.0
24350,-2.0,50,1.0
24400,-3.0,50,1.0
24450,-7.0,50,1.0
24500,-3.0,50,1.0
24550,-2.0,50,1.0
24600,-2.0,50,1.0
24650,-1.0,50,1.0
24700,-2.0,50,1.0
24750,-2.0,50,1.0
24800,0.0,50,1.0
24850,-1.0,50,1.0
24900,-2.0,50,1.0
24950,-3.0,50,1.0
25000,-3.0,50,1.0
25050,-3.0,50,1.0
25100,-1.0,50,1.0
25150,-2.0,50,1.0
25200,-2.0,50,1.0
25250,-2.0,50,1.0
25300,-1.0,50,1.0
25350,-2.0,50,1.0
25400,-2.0,50,1.0
25450,-3.0,50,1.0
25500,-1.0,50,1.0
25550,-3.0,50,1.0
25600,0.0,50,1.0
25650,-1.0,50,1.0
25700,-1.0,50,1.0
25750,-1.0,50,1.0
25800,-3.0,50,1.0
25850,0.0,50,1.0
25900,-3.0,50,1.0
25950,0.0,50,1.0
26000,-2.0,50,1.0
26050,-3.0,50,1.0
26100,-1.0,50,1.0
26150,-1.0,50,1.0
26200,-2.0,50,1.0
26250,-2.0,50,1.0
26300,0.0,50,1.0
26350,-2.0,50,1.0
26400,-2.0,50,1.0
26450,-2.0,50,1.0
26500,-2.0,50,1.0
26550,-2.0,50,1.0
26600,0.0,50,1.0
26650,-2.0,50,1.0
26700,0.0,50,1.0
26750,-2.0,50,1.0
26800,-1.0,50,1.0
26850,-2.0,50,1.0
26900,-3.0,50,1.0
26950,-3.0,50,1.0
27000,-3.0,50,1.0
27050,-2.0,50,1.0
27100,-2.0,50,1.0
27150,-2.0,50,1.0
27200,-2.0,50,1.0
27250,-2.0,50,1.0
27300,-3.0,50,1.0
27350,0.0,50,1.0
27400,-1.0,50,1.0
27450,-1.0,50,1.0
27500,-2.0,50,1.0
27550,-1.0,50,1.0
27600,-2.0,50,1.0
27650,-3.0,50,1.0
27700,0.0,50,1.0
27750,-2.0,50,1.0
27800,-1.0,50,1.0
27850,-3.0,50,1.0
27900,-1.0,50,1.0
27950,-2.0,50,1.0
28000,-2.0,50,1.0
28050,-1.0,50,1.0
28100,-3.0,50,1.0
28150,0.0,50,1.0
28200,0.0,50,1.0
28250,-3.0,50,1.0
28300,-2.0,50,1.0
28350,-3.0,50,1.0
28400,-2.0,50,1.0
28450,-1.0,50,1.0
28500,-3.0,50,1.0
28550,-5.0,50,1.0
28600,-3.0,50,1.0
28650,-1.0,50,1.0
28700,-2.0,50,1.0
28750,-1.0,50,1.0
28800,-3.0,50,1.0
28850,0.0,50,1.0
28900,-2.0,50,1.0
28950,-1.0,50,1.0
29000,0.0,50,1.0
29050,-3.0,50,1.0
29100,-2.0,50,1.0
29150,-2.0,50,1.0
29200,-1.0,50,1.0
29250,-2.0,50,1.0
29300,-1.0,50,1.0
29350,-2.0,50,1.0
29400,-2.0,50,1.0
29450,-1.0,50,1.0
29500,-3.0,50,1.0
29550,-2.0,50,1.0
29600,-2.0,50,1.0
29650,-3.0,50,1.0
29700,-2.0,50,1.0
29750,-2.0,50,1.0
29800,-2.0,50,1.0
29850,0.0,50,1.0
29900,-2.0,50,1.0
29950,-3.0,50,1.0
30000,-2.0,50,1.0
30050,-2.0,50,1.0
30100,-2.0,50,1.0
30150,-1.0,50,1.0
30200,-2.0,50,1.0
30250,-2.0,50,1.0
30300,-2.0,50,1.0
30350,-1.0,50,1.0
30400,-2.0,50,1.0
30450,0.0,50,1.0
30500,-2.0,50,1.0
30550,-1.0,50,1.0
30600,-2.0,50,1.0
30650,-3.0,50,1.0
30700,-3.0,50,1.0
30750,-2.0,50,1.0
30800,-1.0,50,1.0
30850,-3.0,50,1.0
30900,-2.0,50,1.0
30950,-1.0,50,1.0
31000,-1.0,50,1.0
31050,-2.0,50,1.0
31100,-2.0,50,1.0
31150,-2.0,50,1.0
31200,-3.0,50,1.0
31250,-1.0,50,1.0
31300,-2.0,50,1.0
31350,0.0,50,1.0
31400,-2.0,50,1.0
31450,-2.0,50,1.0
31500,-2.0,50,1.0
31550,-2.0,50,1.0
31600,-1.0,50,1.0
31650,-1.0,50,1.0
31700,-2.0,50,1.0
31750,-2.0,50,1.0
31800,-1.0,50,1.0
31850,-2.0,50,1.0
31900,-1.0,50,1.0
31950,-2.0,50,1.0
32000,-2.0,50,1.0
32050,-2.0,50,1.0
32100,-1.0,50,1.0
32150,-1.0,50,1.0
32200,-4.0,50,1.0
32250,-1.0,50,1.0
32300,-1.0,50,1.0
32350,-2.0,50,1.0
32400,-2.0,50,1.0
32450,-3.0,50,1.0
32500,-3.0,50,1.0
32550,-3.0,50,1.0
32600,-5.0,50,1.0
32650,-2.0,50,1.0
32700,-2.0,50,1.0
32750,-1.0,50,1.0
32800,-2.0,50,1.0
32850,-2.0,50,1.0
32900,-2.0,50,1.0
32950,-2.0,50,1.0
33000,-1.0,50,1.0
33050,-3.0,50,1.0
33100,-1.0,50,1.0
33150,-2.0,50,1.0
33200,-2.0,50,1.0
33250,-3.0,50,1.0
33300,0.0,50,1.0
33350,-1.0,50,1.0
33400,-3.0,50,1.0
33450,-2.0,50,1.0
33500,-2.0,50,1.0
33550,-1.0,50,1.0
33600,-2.0,50,1.0
33650,-1.0,50,1.0
33700,-1.0,50,1.0
33750,-1.0,50,1.0
33800,-1.0,50,1.0
33850,-2.0,50,1.0
33900,-3.0,50,1.0
33950,-1.0,50,1.0
34000,-1.0,50,1.0
34050,-3.0,50,1.0
34100,-1.0,50,1.0
34150,-3.0,50,1.0
34200,-2.0,50,1.0
34250,-2.0,50,1.0
34300,-3.0,50,1.0
34350,-2.0,50,1.0
34400,-2.0,50,1.0
34450,-3.0,50,1.0
34500,-1.0,50,1.0
34550,-1.0,50,1.0
34600,-2.0,50,1.0
34650,0.0,50,1.0
34700,-1.0,50,1.0
34750,-2.0,50,1.0
34800,-2.0,50,1.0
34850,-1.0,50,1.0
34900,-3.0,50,1.0
34950,-2.0,50,1.0
35000,-3.0,50,1.0
35050,-1.0,50,1.0
35100,-3.0,50,1.0
35150,-2.0,50,1.0
35200,-2.0,50,1.0
35250,-1.0,50,1.0
35300,-2.0,50,1.0
35350,-3.0,50,1.0
35400,-2.0,50,1.0
35450,-1.0,50,1.0
35500,-2.0,50,1.0
35550,-2.0,50,1.0
35600,-2.0,50,1.0
35650,-3.0,50,1.0
35700,-2.0,50,1.0
35750,-2.0,50,1.0
35800,-2.0,50,1.0
35850,0.0,50,1.0
35900,-3.0,50,1.0
35950,-1.0,50,1.0
36000,-2.0,50,1.0
36050,-2.0,50,1.0
36100,-3.0,50,1.0
36150,-1.0,50,1.0
36200,-2.0,50,1.0
36250,0.0,50,1.0
36300,-2.0,50,1.0
36350,-2.0,50,1.0
36400,-2.0,50,1.0
36450,-1.0,50,1.0
36500,-2.0,50,1.0
36550,-5.0,50,1.0
36600,-5.0,50,1.0
36650,-2.0,50,1.0
36700,-3.0,50,1.0
36750,-2.0,50,1.0
36800,-3.0,50,1.0
36850,-1.0,50,1.0
36900,-2.0,50,1.0
36950,0.0,50,1.0
37000,-1.0,50,1.0
37050,-1.0,50,1.0
37100,-1.0,50,1.0
37150,-1.0,50,1.0
37200,0.0,50,1.0
37250,-3.0,50,1.0
37300,-2.0,50,1.0
37350,-2.0,50,1.0
37400,-2.0,50,1.0
37450,-1.0,50,1.0
37500,-2.0,50,1.0
37550,-2.0,50,1.0
37600,-2.0,50,1.0
37650,-2.0,50,1.0
37700,-2.0,50,1.0
37750,0.0,50,1.0
37800,-1.0,50,1.0
37850,0.0,50,1.0
37900,-1.0,50,1.0
37950,-3.0,50,1.0
38000,-2.0,50,1.0
38050,-1.0,50,1.0
38100,-1.0,50,1.0
38150,-2.0,50,1.0
38200,-2.0,50,1.0
38250,-3.0,50,1.0
38300,-3.0,50,1.0
38350,-1.0,50,1.0
38400,-3.0,50,1.0
38450,0.0,50,1.0
38500,0.0,50,1.0
38550,-3.0,50,1.0
38600,-1.0,50,1.0
38650,-1.0,50,1.0
38700,-3.0,50,1.0
38750,-1.0,50,1.0
38800,-2.0,50,1.0
38850,-2.0,50,1.0
38900,-2.0,50,1.0
38950,-2.0,50,1.0
39000,0.0,50,1.0
39050,-1.0,50,1.0
39100,-2.0,50,1.0
39150,-2.0,50,1.0
39200,-2.0,50,1.0
39250,-2.0,50,1.0
39300,-3.0,50,1.0
39350,0.0,50,1.0
39400,-2.0,50,1.0
39450,-3.0,50,1.0
39500,-2.0,50,1.0
39550,-1.0,50,1.0
39600,-2.0,50,1.0
39650,-2.0,50,1.0
39700,-2.0,50,1.0
39750,-2.0,50,1.0
39800,-3.0,50,1.0
39850,-2.0,50,1.0
39900,-3.0,50,1.0
39950,-2.0,50,1.0
40000,-2.0,50,1.0
40050,0.0,50,1.0
40100,-3.0,50,1.0
40150,-2.0,50,1.0
40200,0.0,50,1.0
40250,-6.0,50,1.0
40300,-2.0,50,1.0
40350,-1.0,50,1.0
40400,-1.0,50,1.0
40450,-1.0,50,1.0
40500,-2.0,50,1.0
40550,-2.0,50,1.0
40600,-2.0,50,1.0
40650,-2.0,50,1.0
40700,-2.0,50,1.0
40750,-2.0,50,1.0
40800,-1.0,50,1.0
40850,-2.0,50,1.0
40900,-2.0,50,1.0
40950,-2.0,50,1.0
41000,-2.0,50,1.0
41050,-3.0,50,1.0
41100,-3.0,50,1.0
41150,-2.0,50,1.0
41200,-2.0,50,1.0
41250,0.0,50,1.0
41300,-2.0,50,1.0
41350,-1.0,50,1.0
41400,-1.0,50,1.0
41450,-3.0,50,1.0
41500,-3.0,50,1.0
41550,-1.0,50,1.0
41600,-2.0,50,1.0
41650,-2.0,50,1.0
41700,-1.0,50,1.0
41750,-2.0,50,1.0
41800,0.0,50,1.0
41850,-2.0,50,1.0
41900,-3.0,50,1.0
41950,-1.0,50,1.0
42000,-1.0,50,1.0
42050,-2.0,50,1.0
42100,-3.0,50,1.0
42150,-3.0,50,1.0
42200,-1.0,50,1.0
42250,-1.0,50,1.0
42300,0.0,50,1.0
42350,-1.0,50,1.0
42400,-2.0,50,1.0
42450,-2.0,50,1.0
42500,-2.0,50,1.0
42550,-1.0,50,1.0
42600,-3.0,50,1.0
42650,-1.0,50,1.0
42700,-1.0,50,1.0
42750,-3.0,50,1.0
42800,-3.0,50,1.0
42850,-2.0,50,1.0
42900,0.0,50,1.0
42950,0.0,50,1.0
43000,-1.0,50,1.0
43050,-2.0,50,1.0
43100,0.0,50,1.0
43150,-3.0,50,1.0
43200,-3.0,50,1.0
43250,-1.0,50,1.0
43300,-2.0,50,1.0
43350,-9.0,50,1.0
43400,-1.0,50,1.0
43450,-2.0,50,1.0
43500,0.0,50,1.0
43550,-2.0,50,1.0
43600,-2.0,50,1.0
43650,-3.0,50,1.0
43700,-4.0,50,1.0
43750,-3.0,50,1.0
43800,-2.0,50,1.0
43850,-1.0,50,1.0
43900,0.0,50,1.0
43950,-1.0,50,1.0
44000,0.0,50,1.0
44050,-1.0,50,1.0
44100,-1.0,50,1.0
44150,-3.0,50,1.0
44200,-2.0,50,1.0
44250,-2.0,50,1.0
44300,-4.0,50,1.0
44350,-1.0,50,1.0
44400,-3.0,50,1.0
44450,-2.0,50,1.0
44500,-2.0,50,1.0
44550,-3.0,50,1.0
44600,-3.0,50,1.0
44650,-1.0,50,1.0
44700,-2.0,50,1.0
44750,0.0,50,1.0
44800,-2.0,50,1.0
44850,-2.0,50,1.0
44900,-1.0,50,1.0
44950,-2.0,50,1.0
45000,-3.0,50,1.0
45050,-2.0,50,1.0
45100,-3.0,50,1.0
45150,0.0,50,1.0
45200,-2.0,50,1.0
45250,-2.0,50,1.0
45300,-2.0,50,1.0
45350,-1.0,50,1.0
45400,-1.0,50,1.0
45450,-2.0,50,1.0
45500,-3.0,50,1.0
45550,-3.0,50,1.0
45600,-1.0,50,1.0
45650,-3.0,50,1.0
45700,-1.0,50,1.0
45750,-3.0,50,1.0
45800,-1.0,50,1.0
45850,-2.0,50,1.0
45900,0.0,50,1.0
45950,0.0,50,1.0
46000,-2.0,50,1.0
46050,0.0,50,1.0
46100,0.0,50,1.0
46150,0.0,50,1.0
46200,-2.0,50,1.0
46250,-1.0,50,1.0
46300,-2.0,50,1.0
46350,-2.0,50,1.0
46400,-4.0,50,1.0
46450,-2.0,50,1.0
46500,-2.0,50,1.0
46550,-2.0,50,1.0
46600,0.0,50,1.0
46650,-2.0,50,1.0
46700,-2.0,50,1.0
46750,-1.0,50,1.0
46800,-1.0,50,1.0
46850,-2.0,50,1.0
46900,-2.0,50,1.0
46950,-3.0,50,1.0
47000,-2.0,50,1.0
47050,-2.0,50,1.0
47100,0.0,50,1.0
47150,-2.0,50,1.0
47200,-1.0,50,1.0
47250,-3.0,50,1.0
47300,-1.0,50,1.0
47350,-1.0,50,1.0
47400,-1.0,50,1.0
47450,-2.0,50,1.0
47500,0.0,50,1.0
47550,-3.0,50,1.0
47600,-2.0,50,1.0
47650,-1.0,50,1.0
47700,-1.0,50,1.0
47750,-2.0,50,1.0
47800,-1.0,50,1.0
47850,-2.0,50,1.0
47900,-2.0,50,1.0
47950,-2.0,50,1.0
48000,-1.0,50,1.0
48050,0.0,50,1.0
48100,-2.0,50,1.0
48150,-2.0,50,1.0
48200,-1.0,50,1.0
48250,-3.0,50,1.0
48300,-2.0,50,1.0
48350,-2.0,50,1.0
48400,-2.0,50,1.0
48450,-2.0,50,1.0
48500,-1.0,50,1.0
48550,0.0,50,1.0
48600,-3.0,50,1.0
48650,-2.0,50,1.0
48700,-2.0,50,1.0
48750,-1.0,50,1.0
48800,-1.0,50,1.0
48850,-2.0,50,1.0
48900,-5.0,50,1.0
48950,-1.0,50,1.0
49000,-2.0,50,1.0
49050,-3.0,50,1.0
49100,-2.0,50,1.0
49150,-2.0,50,1.0
49200,-2.0,50,1.0
49250,-3.0,50,1.0
49300,0.0,50,1.0
49350,-2.0,50,1.0
49400,-1.0,50,1.0
49450,-1.0,50,1.0
49500,-2.0,50,1.0
49550,-3.0,50,1.0
49600,0.0,50,1.0
49650,-3.0,50,1.0
49700,0.0,50,1.0
49750,0.0,50,1.0
49800,-2.0,50,1.0
49850,-2.0,50,1.0
49900,-2.0,50,1.0
49950,-2.0,50,1.0
50000,0.0,50,1.0
50050,-2.0,50,1.0
50100,-2.0,50,1.0
50150,-1.0,50,1.0
50200,-3.0,50,1.0
50250,-2.0,50,1.0
50300,-3.0,50,1.0
50350,-3.0,50,1.0
50400,-2.0,50,1.0
50450,-7.0,50,1.0
50500,-2.0,50,1.0
50550,-2.0,50,1.0
50600,-1.0,50,1.0
50650,-1.0,50,1.0
50700,-2.0,50,1.0
50750,-2.0,50,1.0
50800,-2.0,50,1.0
50850,-2.0,50,1.0
50900,-1.0,50,1.0
50950,-2.0,50,1.0
51000,-2.0,50,1.0
51050,-3.0,50,1.0
51100,0.0,50,1.0
51150,-1.0,50,1.0
51200,-2.0,50,1.0
51250,0.0,50,1.0
51300,-3.0,50,1.0
51350,-1.0,50,1.0
51400,-1.0,50,1.0
51450,-2.0,50,1.0
51500,-2.0,50,1.0
51550,-3.0,50,1.0
51600,-3.0,50,1.0
51650,-2.0,50,1.0
51700,-1.0,50,1.0
51750,-2.0,50,1.0
51800,0.0,50,1.0
51850,-2.0,50,1.0
51900,0.0,50,1.0
51950,-3.0,50,1.0
52000,-5.0,50,1.0
52050,-2.0,50,1.0
52100,-2.0,50,1.0
52150,-1.0,50,1.0
52200,-1.0,50,1.0
52250,-2.0,50,1.0
52300,-1.0,50,1.0
52350,-1.0,50,1.0
52400,-3.0,50,1.0
52450,0.0,50,1.0
52500,-1.0,50,1.0
52550,-2.0,50,1.0
52600,-2.0,50,1.0
52650,-3.0,50,1.0
52700,-1.0,50,1.0
52750,-2.0,50,1.0
52800,-2.0,50,1.0
52850,-3.0,50,1.0
52900,-2.0,50,1.0
52950,-2.0,50,1.0
53000,-2.0,50,1.0
53050,-2.0,50,1.0
53100,-2.0,50,1.0
53150,-1.0,50,1.0
53200,-3.0,50,1.0
53250,-2.0,50,1.0
53300,-1.0,50,1.0
53350,0.0,50,1.0
53400,0.0,50,1.0
53450,-2.0,50,1.0
53500,-2.0,50,1.0
53550,-2.0,50,1.0
53600,-1.0,50,1.0
53650,-3.0,50,1.0
53700,-2.0,50,1.0
53750,-2.0,50,1.0
53800,-1.0,50,1.0
53850,-2.0,50,1.0
53900,-2.0,50,1.0
53950,-2.0,50,1.0
54000,-1.0,50,1.0
54050,-2.0,50,1.0
54100,-2.0,50,1.0
54150,-2.0,50,1.0
54200,-2.0,50,1.0
54250,-2.0,50,1.0
54300,-2.0,50,1.0
54350,-2.0,50,1.0
54400,-2.0,50,1.0
54450,-1.0,50,1.0
54500,-2.0,50,1.0
54550,-2.0,50,1.0
54600,-2.0,50,1.0
54650,-1.0,50,1.0
54700,-2.0,50,1.0
54750,-3.0,50,1.0
54800,-2.0,50,1.0
54850,-1.0,50,1.0
54900,-4.0,50,1.0
54950,-5.0,50,1.0
55000,-4.0,50,1.0
55050,-2.0,50,1.0
55100,-1.0,50,1.0
55150,-2.0,50,1.0
55200,-4.0,50,1.0
55250,-1.0,50,1.0
55300,-2.0,50,1.0
55350,-1.0,50,1.0
55400,-2.0,50,1.0
55450,-2.0,50,1.0
55500,-3.0,50,1.0
55550,-2.0,50,1.0
55600,-2.0,50,1.0
55650,-1.0,50,1.0
55700,-2.0,50,1.0
55750,0.0,50,1.0
55800,-2.0,50,1.0
55850,-4.0,50,1.0
55900,-2.0,50,1.0
55950,-1.0,50,1.0
56000,-3.0,50,1.0
56050,-3.0,50,1.0
56100,-2.0,50,1.0
56150,-2.0,50,1.0
56200,-3.0,50,1.0
56250,-1.0,50,1.0
56300,-2.0,50,1.0
56350,-2.0,50,1.0
56400,-1.0,50,1.0
56450,-2.0,50,1.0
56500,-2.0,50,1.0
56550,-2.0,50,1.0
56600,-2.0,50,1.0
56650,0.0,50,1.0
56700,-2.0,50,1.0
56750,-3.0,50,1.0
56800,-3.0,50,1.0
56850,-1.0,50,1.0
56900,-2.0,50,1.0
56950,-3.0,50,1.0
57000,-2.0,50,1.0
57050,-2.0,50,1.0
57100,-2.0,50,1.0
57150,-1.0,50,1.0
57200,-2.0,50,1.0
57250,-2.0,50,1.0
57300,-3.0,50,1.0
57350,-3.0,50,1.0
57400,-2.0,50,1.0
57450,-2.0,50,1.0
57500,0.0,50,1.0
57550,-1.0,50,1.0
57600,-2.0,50,1.0
57650,-2.0,50,1.0
57700,-1.0,50,1.0
57750,-3.0,50,1.0
57800,-3.0,50,1.0
57850,-2.0,50,1.0
57900,-1.0,50,1.0
57950,-2.0,50,1.0
58000,-2.0,50,1.0
58050,-2.0,50,1.0
58100,-3.0,50,1.0
58150,-2.0,50,1.0
58200,-1.0,50,1.0
58250,-2.0,50,1.0
58300,-2.0,50,1.0
58350,0.0,50,1.0
58400,-2.0,50,1.0
58450,-3.0,50,1.0
58500,-2.0,50,1.0
58550,-1.0,50,1.0
58600,0.0,50,1.0
58650,-2.0,50,1.0
58700,-1.0,50,1.0
58750,-2.0,50,1.0
58800,0.0,50,1.0
58850,-4.0,50,1.0
58900,-3.0,50,1.0
58950,-1.0,50,1.0
59000,-1.0,50,1.0
59050,-3.0,50,1.0
59100,-2.0,50,1.0
59150,0.0,50,1.0
59200,-3.0,50,1.0
59250,-2.0,50,1.0
59300,0.0,50,1.0
59350,-2.0,50,1.0
59400,0.0,50,1.0
59450,0.0,50,1.0
59500,-2.0,50,1.0
59550,-2.0,50,1.0
59600,-1.0,50,1.0
59650,-2.0,50,1.0
59700,-2.0,50,1.0
59750,-2.0,50,1.0
59800,-1.0,50,1.0
59850,-3.0,50,1.0
59900,0.0,50,1.0
59950,-2.0,50,1.0
60000,-2.0,50,1.0
60050,-1.0,50,1.0
60100,-2.0,50,1.0
60150,0.0,50,1.0
60200,-2.0,50,1.0
60250,-3.0,50,1.0
60300,-2.0,50,1.0
60350,-1.0,50,1.0
60400,-2.0,50,1.0
60450,-3.0,50,1.0
60500,-1.0,50,1.0
60550,-2.0,50,1.0
60600,-2.0,50,1.0
60650,-2.0,50,1.0
60700,-1.0,50,1.0
60750,-3.0,50,1.0
60800,-1.0,50,1.0
60850,-1.0,50,1.0
60900,-2.0,50,1.0
60950,-2.0,50,1.0
61000,-1.0,50,1.0
61050,-3.0,50,1.0
61100,-1.0,50,1.0
61150,-1.0,50,1.0
61200,-1.0,50,1.0
61250,-1.0,50,1.0
61300,-3.0,50,1.0
61350,-2.0,50,1.0
61400,-1.0,50,1.0
61450,0.0,50,1.0
61500,-2.0,50,1.0
61550,-1.0,50,1.0
61600,0.0,50,1.0
61650,-2.0,50,1.0
61700,0.0,50,1.0
61750,-1.0,50,1.0
61800,-2.0,50,1.0
61850,-2.0,50,1.0
61900,-8.0,50,1.0
61950,-3.0,50,1.0
62000,-2.0,50,1.0
62050,-2.0,50,1.0
62100,-1.0,50,1.0
62150,-3.0,50,1.0
62200,-1.0,50,1.0
62250,-2.0,50,1.0
62300,-2.0,50,1.0
62350,-3.0,50,1.0
62400,-2.0,50,1.0
62450,-2.0,50,1.0
62500,-1.0,50,1.0
62550,-2.0,50,1.0
62600,-1.0,50,1.0
62650,-3.0,50,1.0
62700,-1.0,50,1.0
62750,-2.0,50,1.0
62800,-2.0,50,1.0
62850,-2.0,50,1.0
62900,-1.0,50,1.0
62950,-2.0,50,1.0
63000,-2.0,50,1.0
63050,-1.0,50,1.0
63100,-3.0,50,1.0
63150,-2.0,50,1.0
63200,-3.0,50,1.0
63250,-2.0,50,1.0
63300,-4.0,50,1.0
63350,-2.0,50,1.0
63400,-2.0,50,1.0
63450,-3.0,50,1.0
63500,-3.0,50,1.0
63550,-2.0,50,1.0
63600,-2.0,50,1.0
63650,-1.0,50,1.0
63700,-2.0,50,1.0
63750,-2.0,50,1.0
63800,-2.0,50,1.0
63850,-2.0,50,1.0
63900,-2.0,50,1.0
63950,-1.0,50,1.0
64000,-3.0,50,1.0
64050,-1.0,50,1.0
64100,-2.0,50,1.0
64150,-3.0,50,1.0
64200,-2.0,50,1.0
64250,-1.0,50,1.0
64300,-2.0,50,1.0
64350,-3.0,50,1.0
64400,-2.0,50,1.0
64450,-2.0,50,1.0
64500,-3.0,50,1.0
64550,-1.0,50,1.0
64600,-2.0,50,1.0
64650,-2.0,50,1.0
64700,-2.0,50,1.0
64750,-2.0,50,1.0
64800,-1.0,50,1.0
64850,-1.0,50,1.0
64900,-1.0,50,1.0
64950,-2.0,50,1.0
65000,-2.0,50,1.0
65050,-2.0,50,1.0
65100,-2.0,50,1.0
65150,-2.0,50,1.0
65200,-2.0,50,1.0
65250,-3.0,50,1.0
65300,-2.0,50,1.0
65350,-2.0,50,1.0
65400,-2.0,50,1.0
65450,-2.0,50,1.0
65500,-3.0,50,1.0
65550,-2.0,50,1.0
65600,-2.0,50,1.0
65650,-2.0,50,1.0
65700,0.0,50,1.0
65750,-2.0,50,1.0
65800,-2.0,50,1.0
65850,-1.0,50,1.0
65900,-2.0,50,1.0
65950,-2.0,50,1.0
66000,-1.0,50,1.0
66050,-2.0,50,1.0
66100,-1.0,50,1.0
66150,-2.0,50,1.0
66200,0.0,50,1.0
66250,-3.0,50,1.0
66300,-2.0,50,1.0
66350,-3.0,50,1.0
66400,0.0,50,1.0
66450,-2.0,50,1.0
66500,-2.0,50,1.0
66550,-2.0,50,1.0
66600,-2.0,50,1.0
66650,0.0,50,1.0
66700,-1.0,50,1.0
66750,-2.0,50,1.0
66800,-2.0,50,1.0
66850,-2.0,50,1.0
66900,-2.0,50,1.0
66950,0.0,50,1.0
67000,-2.0,50,1.0
67050,-1.0,50,1.0
67100,-1.0,50,1.0
67150,-2.0,50,1.0
67200,-1.0,50,1.0
67250,-2.0,50,1.0
67300,-3.0,50,1.0
67350,-1.0,50,1.0
67400,-2.0,50,1.0
67450,-1.0,50,1.0
67500,-2.0,50,1.0
67550,-2.0,50,1.0
67600,-2.0,50,1.0
67650,-1.0,50,1.0
67700,-2.0,50,1.0
67750,-1.0,50,1.0
67800,-1.0,50,1.0
67850,-2.0,50,1.0
67900,-2.0,50,1.0
67950,-2.0,50,1.0
68000,-1.0,50,1.0
68050,-1.0,50,1.0
68100,-2.0,50,1.0
68150,-2.0,50,1.0
68200,0.0,50,1.0
68250,-2.0,50,1.0
68300,-2.0,50,1.0
68350,-2.0,50,1.0
68400,0.0,50,1.0
68450,-1.0,50,1.0
68500,-1.0,50,1.0
68550,-3.0,50,1.0
68600,-2.0,50,1.0
68650,-3.0,50,1.0
68700,-2.0,50,1.0
68750,-3.0,50,1.0
68800,-2.0,50,1.0
68850,-2.0,50,1.0
68900,-1.0,50,1.0
68950,0.0,50,1.0
69000,-2.0,50,1.0
69050,-2.0,50,1.0
69100,0.0,50,1.0
69150,-2.0,50,1.0
69200,-2.0,50,1.0
69250,0.0,50,1.0
69300,-3.0,50,1.0
69350,-2.0,50,1.0
69400,-2.0,50,1.0
69450,-3.0,50,1.0
69500,-2.0,50,1.0
69550,-2.0,50,1.0
69600,-1.0,50,1.0
69650,-1.0,50,1.0
69700,-3.0,50,1.0
69750,-2.0,50,1.0
69800,-1.0,50,1.0
69850,-1.0,50,1.0
69900,-2.0,50,1.0
69950,-3.0,50,1.0
70000,-2.0,50,1.0
70050,-1.0,50,1.0
70100,-2.0,50,1.0
70150,-2.0,50,1.0
70200,0.0,50,1.0
70250,-2.0,50,1.0
70300,-2.0,50,1.0
70350,-2.0,50,1.0
70400,-3.0,50,1.0
70450,-2.0,50,1.0
70500,-2.0,50,1.0
70550,-2.0,50,1.0
70600,-2.0,50,1.0
70650,-3.0,50,1.0
70700,-3.0,50,1.0
70750,-2.0,50,1.0
70800,-2.0,50,1.0
70850,0.0,50,1.0
70900,-2.0,50,1.0
70950,-2.0,50,1.0
71000,-1.0,50,1.0
71050,-2.0,50,1.0
71100,0.0,50,1.0
71150,-17.0,50,1.0
71200,0.0,50,1.0
71250,-1.0,50,1.0
71300,0.0,50,1.0
71350,0.0,50,1.0
71400,-2.0,50,1.0
71450,0.0,50,1.0
71500,-2.0,50,1.0
71550,-2.0,50,1.0
71600,-1.0,50,1.0
71650,-1.0,50,1.0
71700,0.0,50,1.0
71750,-3.0,50,1.0
71800,-2.0,50,1.0
71850,-3.0,50,1.0
71900,-2.0,50,1.0
71950,-3.0,50,1.0
72000,-2.0,50,1.0
72050,-2.0,50,1.0
72100,-1.0,50,1.0
72150,0.0,50,1.0
72200,-2.0,50,1.0
72250,-2.0,50,1.0
72300,-2.0,50,1.0
72350,-2.0,50,1.0
72400,-3.0,50,1.0
72450,-3.0,50,1.0
72500,-1.0,50,1.0
72550,-2.0,50,1.0
72600,-1.0,50,1.0
72650,-3.0,50,1.0
72700,-2.0,50,1.0
72750,-2.0,50,1.0
72800,-1.0,50,1.0
72850,-2.0,50,1.0
72900,-3.0,50,1.0
72950,-2.0,50,1.0
73000,-2.0,50,1.0
73050,-1.0,50,1.0
73100,-2.0,50,1.0
73150,-2.0,50,1.0
73200,-3.0,50,1.0
73250,-1.0,50,1.0
73300,-3.0,50,1.0
73350,-2.0,50,1.0
73400,-1.0,50,1.0
73450,-2.0,50,1.0
73500,-3.0,50,1.0
73550,0.0,50,1.0
73600,-2.0,50,1.0
73650,-1.0,50,1.0
73700,-3.0,50,1.0
73750,-3.0,50,1.0
73800,-1.0,50,1.0
73850,-1.0,50,1.0
73900,-1.0,50,1.0
73950,-1.0,50,1.0
74000,-1.0,50,1.0
74050,-2.0,50,1.0
74100,-2.0,50,1.0
74150,-2.0,50,1.0
74200,-1.0,50,1.0
74250,-2.0,50,1.0
74300,0.0,50,1.0
74350,-1.0,50,1.0
74400,-1.0,50,1.0
74450,0.0,50,1.0
74500,-2.0,50,1.0
74550,-3.0,50,1.0
74600,-3.0,50,1.0
74650,0.0,50,1.0
74700,-2.0,50,1.0
74750,0.0,50,1.0
74800,-1.0,50,1.0
74850,-1.0,50,1.0
74900,-2.0,50,1.0
74950,-2.0,50,1.0
75000,-2.0,50,1.0
75050,-1.0,50,1.0
75100,-1.0,50,1.0
75150,-2.0,50,1.0
75200,-3.0,50,1.0
75250,-1.0,50,1.0
75300,-1.0,50,1.0
75350,-3.0,50,1.0
75400,0.0,50,1.0
75450,-1.0,50,1.0
75500,-2.0,50,1.0
75550,-2.0,50,1.0
75600,-2.0,50,1.0
75650,-3.0,50,1.0
75700,-2.0,50,1.0
75750,-2.0,50,1.0
75800,-2.0,50,1.0
75850,-1.0,50,1.0
75900,-3.0,50,1.0
75950,-2.0,50,1.0
76000,0.0,50,1.0
76050,-2.0,50,1.0
76100,-3.0,50,1.0
76150,-2.0,50,1.0
76200,-2.0,50,1.0
76250,-1.0,50,1.0
76300,-3.0,50,1.0
76350,-2.0,50,1.0
76400,-1.0,50,1.0
76450,-2.0,50,1.0
76500,0.0,50,1.0
76550,-2.0,50,1.0
76600,-2.0,50,1.0
76650,-3.0,50,1.0
76700,-2.0,50,1.0
76750,0.0,50,1.0
76800,-2.0,50,1.0
76850,-1.0,50,1.0
76900,-2.0,50,1.0
76950,-2.0,50,1.0
77000,-3.0,50,1.0
77050,-2.0,50,1.0
77100,-1.0,50,1.0
77150,-2.0,50,1.0
77200,0.0,50,1.0
77250,-1.0,50,1.0
77300,-2.0,50,1.0
77350,-3.0,50,1.0
77400,-1.0,50,1.0
77450,-3.0,50,1.0
77500,-2.0,50,1.0
77550,-2.0,50,1.0
77600,-2.0,50,1.0
77650,-2.0,50,1.0
77700,-1.0,50,1.0
77750,-2.0,50,1.0
77800,-3.0,50,1.0
77850,-2.0,50,1.0
77900,-1.0,50,1.0
77950,0.0,50,1.0
78000,-2.0,50,1.0
78050,-1.0,50,1.0
78100,-3.0,50,1.0
78150,-1.0,50,1.0
78200,-1.0,50,1.0
78250,-1.0,50,1.0
78300,-1.0,50,1.0
78350,-3.0,50,1.0
78400,-3.0,50,1.0
78450,-2.0,50,1.0
78500,-2.0,50,1.0
78550,-2.0,50,1.0
78600,-2.0,50,1.0
78650,-1.0,50,1.0
78700,-2.0,50,1.0
78750,-2.0,50,1.0
78800,-3.0,50,1.0
78850,-1.0,50,1.0
78900,-2.0,50,1.0
78950,-2.0,50,1.0
79000,0.0,50,1.0
79050,-2.0,50,1.0
79100,0.0,50,1.0
79150,-2.0,50,1.0
79200,-1.0,50,1.0
79250,-2.0,50,1.0
79300,-1.0,50,1.0
79350,0.0,50,1.0
79400,-2.0,50,1.0
79450,-2.0,50,1.0
79500,-3.0,50,1.0
79550,-1.0,50,1.0
79600,-1.0,50,1.0
79650,0.0,50,1.0
79700,-2.0,50,1.0
79750,-2.0,50,1.0
79800,-2.0,50,1.0
79850,-2.0,50,1.0
79900,-2.0,50,1.0
79950,0.0,50,1.0
80000,-2.0,50,1.0
80050,-2.0,50,1.0
80100,-2.0,50,1.0
80150,0.0,50,1.0
80200,-2.0,50,1.0
80250,-3.0,50,1.0
80300,-2.0,50,1.0
80350,-2.0,50,1.0
80400,-1.0,50,1.0
80450,0.0,50,1.0
80500,-2.0,50,1.0
80550,-2.0,50,1.0
80600,-2.0,50,1.0
80650,-3.0,50,1.0
80700,0.0,50,1.0
80750,-2.0,50,1.0
80800,-2.0,50,1.0
80850,-1.0,50,1.0
80900,-2.0,50,1.0
80950,-2.0,50,1.0
81000,-2.0,50,1.0
81050,-2.0,50,1.0
81100,-2.0,50,1.0
81150,-2.0,50,1.0
81200,0.0,50,1.0
81250,-2.0,50,1.0
81300,-2.0,50,1.0
81350,-2.0,50,1.0
81400,0.0,50,1.0
81450,0.0,50,1.0
81500,-2.0,50,1.0
81550,-3.0,50,1.0
81600,-2.0,50,1.0
81650,0.0,50,1.0
81700,-1.0,50,1.0
81750,-2.0,50,1.0
81800,-1.0,50,1.0
81850,-2.0,50,1.0
81900,-2.0,50,1.0
81950,-3.0,50,1.0
82000,-1.0,50,1.0
82050,-2.0,50,1.0
82100,-2.0,50,1.0
82150,-1.0,50,1.0
82200,-2.0,50,1.0
82250,-3.0,50,1.0
82300,-2.0,50,1.0
82350,-1.0,50,1.0
82400,-1.0,50,1.0
82450,-1.0,50,1.0
82500,-1.0,50,1.0
82550,-1.0,50,1.0
82600,-2.0,50,1.0
82650,-1.0,50,1.0
82700,-2.0,50,1.0
82750,-2.0,50,1.0
82800,-2.0,50,1.0
82850,-1.0,50,1.0
82900,-2.0,50,1.0
82950,-1.0,50,1.0
83000,-2.0,50,1.0
83050,-1.0,50,1.0
83100,-2.0,50,1.0
83150,-2.0,50,1.0
83200,-2.0,50,1.0
83250,-1.0,50,1.0
83300,-2.0,50,1.0
83350,-2.0,50,1.0
83400,0.0,50,1.0
83450,-2.0,50,1.0
83500,-3.0,50,1.0
83550,-2.0,50,1.0
83600,-1.0,50,1.0
83650,-2.0,50,1.0
83700,-2.0,50,1.0
83750,-2.0,50,1.0
83800,-3.0,50,1.0
83850,-1.0,50,1.0
83900,-2.0,50,1.0
83950,0.0,50,1.0
84000,-1.0,50,1.0
84050,-2.0,50,1.0
84100,-1.0,50,1.0
84150,-1.0,50,1.0
84200,-2.0,50,1.0
84250,-2.0,50,1.0
84300,-2.0,50,1.0
84350,0.0,50,1.0
84400,-3.0,50,1.0
84450,-2.0,50,1.0
84500,-2.0,50,1.0
84550,-1.0,50,1.0
84600,-1.0,50,1.0
84650,-1.0,50,1.0
84700,-3.0,50,1.0
84750,-3.0,50,1.0
84800,-2.0,50,1.0
84850,-2.0,50,1.0
84900,0.0,50,1.0
84950,-3.0,50,1.0
85000,-2.0,50,1.0
85050,0.0,50,1.0
85100,-1.0,50,1.0
85150,-1.0,50,1.0
85200,-3.0,50,1.0
85250,0.0,50,1.0
85300,-1.0,50,1.0
85350,-2.0,50,1.0
85400,-2.0,50,1.0
85450,-2.0,50,1.0
85500,0.0,50,1.0
85550,-3.0,50,1.0
85600,-1.0,50,1.0
85650,-3.0,50,1.0
85700,-1.0,50,1.0
85750,-2.0,50,1.0
85800,-1.0,50,1.0
85850,0.0,50,1.0
85900,-2.0,50,1.0
85950,-2.0,50,1.0
86000,-3.0,50,1.0
86050,-1.0,50,1.0
86100,-1.0,50,1.0
86150,-3.0,50,1.0
86200,-1.0,50,1.0
86250,-3.0,50,1.0
86300,-2.0,50,1.0
86350,-2.0,50,1.0
86400,-3.0,50,1.0
86450,-2.0,50,1.0
86500,0.0,50,1.0
86550,-2.0,50,1.0
86600,-2.0,50,1.0
86650,0.0,50,1.0
86700,-3.0,50,1.0
86750,-2.0,50,1.0
86800,-2.0,50,1.0
86850,-1.0,50,1.0
86900,-2.0,50,1.0
86950,-2.0,50,1.0
87000,0.0,50,1.0
87050,-1.0,50,1.0
87100,-1.0,50,1.0
87150,-2.0,50,1.0
87200,-2.0,50,1.0
87250,0.0,50,1.0
87300,-2.0,50,1.0
87350,-3.0,50,1.0
87400,-1.0,50,1.0
87450,-2.0,50,1.0
87500,-2.0,50,1.0
87550,-2.0,50,1.0
87600,-1.0,50,1.0
87650,-1.0,50,1.0
87700,-1.0,50,1.0
87750,-2.0,50,1.0
87800,-1.0,50,1.0
87850,-2.0,50,1.0
87900,-2.0,50,1.0
87950,-3.0,50,1.0
88000,0.0,50,1.0
88050,0.0,50,1.0
88100,-1.0,50,1.0
88150,-2.0,50,1.0
88200,0.0,50,1.0
88250,-3.0,50,1.0
88300,-2.0,50,1.0
88350,-3.0,50,1.0
88400,-3.0,50,1.0
88450,0.0,50,1.0
88500,-2.0,50,1.0
88550,-2.0,50,1.0
88600,-1.0,50,1.0
88650,-2.0,50,1.0
88700,-2.0,50,1.0
88750,0.0,50,1.0
88800,-1.0,50,1.0
88850,-2.0,50,1.0
88900,-2.0,50,1.0
88950,-2.0,50,1.0
89000,-2.0,50,1.0
89050,-2.0,50,1.0
89100,-1.0,50,1.0
89150,-1.0,50,1.0
89200,-2.0,50,1.0
89250,-3.0,50,1.0
89300,0.0,50,1.0
89350,-1.0,50,1.0
89400,-1.0,50,1.0
89450,-3.0,50,1.0
89500,-2.0,50,1.0
89550,-2.0,50,1.0
89600,0.0,50,1.0
89650,0.0,50,1.0
89700,-3.0,50,1.0
89750,-2.0,50,1.0
89800,0.0,50,1.0
89850,-1.0,50,1.0
89900,-2.0,50,1.0
89950,-1.0,50,1.0
90000,-2.0,50,1.0
90050,-1.0,50,1.0
90100,-3.0,50,1.0
90150,-2.0,50,1.0
90200,-2.0,50,1.0
90250,0.0,50,1.0
90300,-1.0,50,1.0
90350,-3.0,50,1.0
90400,-2.0,50,1.0
90450,-2.0,50,1.0
90500,-2.0,50,1.0
90550,-3.0,50,1.0
90600,-2.0,50,1.0
90650,-2.0,50,1.0
90700,-1.0,50,1.0
90750,-2.0,50,1.0
90800,-1.0,50,1.0
90850,-3.0,50,1.0
90900,-1.0,50,1.0
90950,0.0,50,1.0
91000,-2.0,50,1.0
91050,-1.0,50,1.0
91100,-1.0,50,1.0
91150,-1.0,50,1.0
91200,0.0,50,1.0
91250,-1.0,50,1.0
91300,-2.0,50,1.0
91350,-1.0,50,1.0
91400,-3.0,50,1.0
91450,-1.0,50,1.0
91500,-2.0,50,1.0
91550,0.0,50,1.0
91600,-1.0,50,1.0
91650,0.0,50,1.0
91700,-2.0,50,1.0
91750,-2.0,50,1.0
91800,-2.0,50,1.0
91850,-1.0,50,1.0
91900,-1.0,50,1.0
91950,-1.0,50,1.0
92000,-2.0,50,1.0
92050,-3.0,50,1.0
92100,-3.0,50,1.0
92150,-1.0,50,1.0
92200,-3.0,50,1.0
92250,-2.0,50,1.0
92300,-2.0,50,1.0
92350,-3.0,50,1.0
92400,-2.0,50,1.0
92450,-2.0,50,1.0
92500,-2.0,50,1.0
92550,-1.0,50,1.0
92600,-1.0,50,1.0
92650,-2.0,50,1.0
92700,0.0,50,1.0
92750,-2.0,50,1.0
92800,-2.0,50,1.0
92850,-1.0,50,1.0
92900,-2.0,50,1.0
92950,-2.0,50,1.0
93000,-1.0,50,1.0
93050,-2.0,50,1.0
93100,0.0,50,1.0
93150,0.0,50,1.0
93200,-2.0,50,1.0
93250,-2.0,50,1.0
93300,-2.0,50,1.0
93350,-2.0,50,1.0
93400,-1.0,50,1.0
93450,-2.0,50,1.0
93500,-2.0,50,1.0
93550,-1.0,50,1.0
93600,-2.0,50,1.0
93650,0.0,50,1.0
93700,0.0,50,1.0
93750,-2.0,50,1.0
93800,-1.0,50,1.0
93850,-3.0,50,1.0
93900,-2.0,50,1.0
93950,-1.0,50,1.0
94000,0.0,50,1.0
94050,-2.0,50,1.0
94100,-3.0,50,1.0
94150,-2.0,50,1.0
94200,-1.0,50,1.0
94250,-2.0,50,1.0
94300,-2.0,50,1.0
94350,-2.0,50,1.0
94400,-3.0,50,1.0
94450,-1.0,50,1.0
94500,-1.0,50,1.0
94550,-3.0,50,1.0
94600,-1.0,50,1.0
94650,-2.0,50,1.0
94700,-2.0,50,1.0
94750,-1.0,50,1.0
94800,-2.0,50,1.0
94850,-2.0,50,1.0
94900,-1.0,50,1.0
94950,-2.0,50,1.0
95000,-3.0,50,1.0
95050,-2.0,50,1.0
95100,-1.0,50,1.0
95150,0.0,50,1.0
95200,-3.0,50,1.0
95250,-1.0,50,1.0
95300,-2.0,50,1.0
95350,-1.0,50,1.0
95400,-1.0,50,1.0
95450,-3.0,50,1.0
95500,-2.0,50,1.0
95550,-2.0,50,1.0
95600,-2.0,50,1.0
95650,-1.0,50,1.0
95700,-1.0,50,1.0
95750,-1.0,50,1.0
95800,-1.0,50,1.0
95850,-2.0,50,1.0
95900,0.0,50,1.0
95950,-2.0,50,1.0
96000,-1.0,50,1.0
96050,-2.0,50,1.0
96100,-2.0,50,1.0
96150,-2.0,50,1.0
96200,-1.0,50,1.0
96250,-2.0,50,1.0
96300,-1.0,50,1.0
96350,-2.0,50,1.0
96400,-2.0,50,1.0
96450,0.0,50,1.0
96500,-1.0,50,1.0
96550,-2.0,50,1.0
96600,0.0,50,1.0
96650,-2.0,50,1.0
96700,0.0,50,1.0
96750,-2.0,50,1.0
96800,-2.0,50,1.0
96850,-1.0,50,1.0
96900,-2.0,50,1.0
96950,-3.0,50,1.0
97000,0.0,50,1.0
97050,-2.0,50,1.0
97100,-3.0,50,1.0
97150,-2.0,50,1.0
97200,-2.0,50,1.0
97250,-2.0,50,1.0
97300,0.0,50,1.0
97350,-2.0,50,1.0
97400,-1.0,50,1.0
97450,-2.0,50,1.0
97500,-2.0,50,1.0
97550,-2.0,50,1.0
97600,-2.0,50,1.0
97650,-1.0,50,1.0
97700,-3.0,50,1.0
97750,-1.0,50,1.0
97800,-2.0,50,1.0
97850,0.0,50,1.0
97900,-1.0,50,1.0
97950,-2.0,50,1.0
98000,-2.0,50,1.0
98050,-2.0,50,1.0
98100,-2.0,50,1.0
98150,-1.0,50,1.0
98200,-2.0,50,1.0
98250,-3.0,50,1.0
98300,0.0,50,1.0
98350,-3.0,50,1.0
98400,-2.0,50,1.0
98450,-1.0,50,1.0
98500,-1.0,50,1.0
98550,-2.0,50,1.0
98600,-1.0,50,1.0
98650,-1.0,50,1.0
98700,-2.0,50,1.0
98750,-1.0,50,1.0
98800,-2.0,50,1.0
98850,-1.0,50,1.0
98900,-1.0,50,1.0
98950,-2.0,50,1.0
99000,-2.0,50,1.0
99050,-3.0,50,1.0
99100,-2.0,50,1.0
99150,-2.0,50,1.0
99200,-1.0,50,1.0
99250,-1.0,50,1.0
99300,-1.0,50,1.0
99350,-1.0,50,1.0
99400,-2.0,50,1.0
99450,-2.0,50,1.0
99500,-2.0,50,1.0
99550,-2.0,50,1.0
99600,-1.0,50,1.0
99650,-1.0,50,1.0
99700,-2.0,50,1.0
99750,-3.0,50,1.0
99800,-1.0,50,1.0
99850,-2.0,50,1.0
99900,-2.0,50,1.0
99950,0.0,50,1.0
100000,-1.0,50,1.0
